"Сенаторы признали Украину ""неуправляемой проблемой"" для США","По данным издания, на встрече в США американские политики раскритиковали украинские власти за рост радикализма и наступление на свободу слова.",politics
Северокорейское досье-2018: Вашингтон испортил всю игру,"Вашингтон под конец года решил обнулить, ну, или в значительной степени нивелировать собственные же усилия по северокорейскому урегулированию. Нет, это ведь еще надо было умудриться. США ввели санкции сразу против трех высокопоставленных чиновников из КНДР, включая главного помощника Ким Чен Ына. В Пхеньяне отнеслись к этой причудливой инициативе американских ""партнеров"" с непониманием и заявили, что готовы прекратить все усилия по денуклеаризации полуострова. У американцев что – чесалось без этих абсолютно не обязательных санкций?",politics
Песков рассказал о подготовке поездки Путина в Калининградскую область,"Поездка президента РФ Владимира Путина в Калининградскую область готовится, сообщил РИА Новости пресс-секретарь российского лидера Дмитрий Песков.",politics
Не смешно. Британцы испугались российского юмора,"Би-би-си нам сообщает, что в дни умирающего Советского Союза русские использовали юмор, чтобы сбежать от мрачной реальности. Чехов и Зощенко, видимо, просто знали заранее и подготовились. Ярчайшим примером российского эскапизма британцы назвали телевизионное шоу ""Куклы"", которое появилось в 90-е годы. Там политиков изображали их резиновые копии.",politics
"Орешкин прокомментировал переезд ведомств в ""Москва-Сити""","Переезд центральных аппаратов ряда ведомств в ""Москва-Сити"" в 2019 году повысит их эффективность и поможет снизить затраты, сообщил глава Минэкономразвития РФ Максим Орешкин.Переезд центральных аппаратов ряда ведомств в ""Москва-Сити"" в 2019 году повысит их эффективность и поможет снизить затраты, сообщил глава Минэкономразвития РФ Максим Орешкин.
Правительство РФ 4 января согласовало переезд центральных аппаратов Минпромторга, Минкомсвязи, Минэкономразвития, Ростуризма, Росимущества и ряда других ведомств на территорию московского международного делового центра ""Москва-Сити"".",politics
"резидент новый, цели старые: изменится ли политический курс Грузии?","Грузия вступила в новый год с новым президентом и новой конституцией, вот только отношение к России осталось старым.В минувшем году в Грузии состоялись особенные президентские выборы. Впервые глава государства избирался на шестилетний срок, впервые для выявления победителя потребовался второй тур, впервые президентом Грузии стала женщина – Саломе Зурабишвили.",politics
Замминистра здравоохранения Елена Бойко будет отвечать за цифровизацию,"Новый заместитель министра здравоохранения РФ Елена Бойко станет седьмым замом и будет отвечать за цифровизацию медицинской отрасли в России, сообщили РИА Новости в пресс-службе Минздрава РФ.",politics
Медведев назначил Арсена Гаглоева замминистра по делам Северного Кавказа,"Премьер-министр РФ Дмитрий Медведев подписал распоряжение о назначении Арсена Гаглоева заместителем министра РФ по делам Северного Кавказа, документ опубликован на сайте кабмина.",politics
Медведев назначил Светлану Кочетову заместителем руководителя Рособрнадзора,"Премьер-министр России Дмитрий Медведев подписал распоряжение о назначении Светланы Кочетовой заместителем руководителя Федеральной службы по надзору в сфере образования и науки (Рособрнадзор), документ опубликован на сайте кабмина.",politics
Ученье – свет. Французские СМИ раскрыли секрет Путина,"Французские эксперты этим случаем впечатлились и использовали его как иллюстрацию того, как важно учить географию. Они отметили, что Путин выгодно смотрится на фоне тех мировых лидеров, которые не могут отличить суннитов от шиитов.",politics
В Москве в 2019 году ограничат движение по ряду улиц,"Движение по ряду улиц в Москве будет ограничено в 2019 году в связи с реконструкцией инженерных сетей и строительными работами, сообщается на официальном портале мэра и правительства столицы.",society
"Кулаки, огонь и дым - массовые протесты продолжаются во Франции","Во Франции продолжаются массовые протесты ""желтых жилетов"". В последнем митинге приняли участие около 50 тысяч человек,они требовали не повышать налоги на бензин и выступали против социальной ситуации в стране. Это уже восьмой раунд манифестаций с 17 ноября.",society
Дачников обязали сообщать властям о перестройке домов,"Владельцы земельных участков будут обязаны уведомлять местные власти о планах по строительству и реконструкции домов, сообщает ""Российская газета"" со ссылкой на Росреестр.
Изменения касаются как индивидуальных, так и садовых построек. Дачники, начавшие работы до 4 августа 2018 года, могут подать документы до 1 марта, когда уведомительный порядок станет обязательным. Иначе возможны проблемы при регистрации прав собственности.",society
В Москве на Рождество ожидаются морозы до 17 градусов,"Морозы до 17 градусов и облачная погода с прояснениями без осадков ожидаются в Москве 7 января, в Подмосковье возможны холода до минус 24 градусов, сообщили РИА Новости в центре погоды ""Фобос"".",society
В Госдуме предложили ввести допвыплаты жителям районов без детских садов,"Депутат Госдумы Виталий Милонов предложил премьер-министру РФ Дмитрию Медведеву учредить дополнительные социальные выплаты для семей, проживающих в районах без достаточного количества детских садов.",society
"В Магнитогорске обсудят вопрос о мемориале у дома, где взорвался газ","Вопрос о создании мемориала погибшим при взрыве газа в доме в Магнитогорске пока обсуждается, есть мнения за и против, сообщил РИА Новости мэр города Сергей Бердников.",society
"Каникулы не препятствие для работы, заявила Кузнецова","полномоченный при президенте РФ по правам ребенка Анна Кузнецова рассказала, что не против длинных выходных на Новый год, поскольку каникулы не препятствие для того, чтобы делать свою работу.",society
В России появится новая профессия," ближайшие 10 лет в России появится профессия комиссара по регулированию аварийных ситуаций с беспилотными транспортными средствами, сообщили РИА Новости в пресс-службе НТИ ""Автонет"".",society
Семья из Волгограда живет в однокомнатной квартире с волком," В однокомнатной квартире в Волгограде собралась интересная компания: отец с дочерью, две собаки и волк. Полтора года назад Лебедевы спасли дикого зверя от смерти и забрали домой. Серый не кусается, только лижет руки, любит долго гулять и играет с собаками в догонялки. Легко ли приручить хищника",society
"""Не салатом единым"". Что полезно делать на Рождество","В ночь на понедельник православные христиане встретят Рождество Христово. С этим праздником связано множество традиций — какие из них чисто народные, какие ""сертифицированы"" Церковью и что, собственно, празднуют верующие, узнал корреспондент РИА новости.",society
"В Центробанке рассказали, как изменится ОСАГО к 2021 году"," 2020-2021 году в полисе ОСАГО могут исчезнуть территориальный коэффициент и коэффициент мощности. Об этом в интервью ""Российской газете"" рассказал начальник управления надзора за деятельностью субъектов страхового рынка ГУ ЦБ по Центральному федеральному округу Кирилл Табаков.",society
"Правительство создало ОЭЗ ""Центр"" в Воронежской области","Создать особую экономическую зону промышленно-производственного типа ""Центр"" на территории муниципального образования Новоусманский муниципальный район Воронежской области на земельных участках, определяемых соглашением о создании особой экономической зоны промышленно-производственного типа"", - говорится в документе.",economy
В России внедрят новую систему контроля качества бензина,"В России может появиться система контроля качества топлива от нефтеперерабатывающего завода до бензобака. Об этих планах правительства ""Российской газете"" рассказал глава Минпромторга Денис Мантуров.
Пилотный проект системы запустят в первой половине 2019 года в Северо-Западном федеральном округе.",economy
Дорожный фонд Саратовской области в 2019 году превысит 11 миллиардов рублей,"Дорожный фонд Саратовской области в этом году планируется в размере почти 11,15 миллиарда рублей, сообщил РИА Новости заместитель министра транспорта и дорожного хозяйства региона Сергей Балакин.
""В 2018 году объем дорожного фонда Саратовской области составил 9,05 миллиарда рублей. Произведен ремонт и капитальный ремонт 96,509 километра и построено 12,67 километра дорог. В 2019 году дорожный фонд области запланирован в объеме 11,15 миллиарда рублей, предполагается ремонт и капремонт 221,8 километра дорог"", - сказал собеседник агентства.",economy
"Что скажешь, Илон Маск? В этом году Tesla может обанкротиться","В июне из финансовой отчетности выяснилось, что почти 20% клиентов, внесших предоплату за Tesla Model 3, потребовали компенсации за невыполненные заказы — снова падение котировок. Не добавила оптимизма акционерам и новость о том, что из-за долгов Tesla попросила поставщиков запчастей вернуть деньги, ранее выплаченные в качестве предоплаты за поставки.
Но затем Маск совершил маленькое чудо: поскольку двух сборочных линий не хватало, чтобы выйти на запланированные объемы, построили третью — под навесом на автостоянке компании.
""Никто не ожидал, что мы оборудуем конвейер на парковке, — напомнил Илон Маск в конце года в интервью телепрограмме ""60 минут"". — Но мы это сделали, и третья сборочная линия позволила увеличить выпуск автомобилей на 50%"".",economy
Как считать российскую экономику,"Второго января глава Счетной палаты России Алексей Кудрин опубликовал результаты расчетов ключевых параметров российской экономики за 2018 год, зафиксировав серьезные расхождения между прогнозами, сделанными в 2017 и 2018 годах, и результатами самого 2018 года: ""СП [Счетная палата] дает предварительную оценку на конец года: инфляция — выше прогноза, рост ВВП — ниже, реальные доходы граждан если и выросли, то на десятые доли процента. Правительству пока приходится начинать с низкого старта"", — написал Кудрин в своем твиттер-аккаунте, сопроводив свою оценку несколькими инфографиками.",economy
"В Минтруде рассказали, кто в мире работает больше россиян","У россиян одна из самых продолжительных рабочих недель и достаточно большой объем рабочих часов в год. Об этом в интервью ""Российской газете"" рассказал глава ВНИИ труда Минтруда России Дмитрий Платыгин.
Он пояснил, что в среднем фонд рабочего времени одного работника в России (1978 часов в год) превышает аналогичный показатель стран Организации экономического сотрудничества и развития, где среднее значение — 1766 часов в год. Так, в США этот показатель составляет 1790 часов, в Канаде — 1706, во Франции — 1482, Германии — 1371.",economy
"Ирак больше всех страдает от санкций против Ирана, заявили в Багдаде","По его словам, колебания в ценах на нефть также вредят Ираку. Ирак не рассматривает получение пользы за счет вреда соседним странам.
""Ирак состоит в ОПЕК, которая организует процесс производства нефти на мировом уровне. Была историческая договоренность между производителями внутри ОПЕК и за пределами ОПЕК, следовательно, эта договоренность не дает государству действовать в одностороннем порядке. Решение является общим решением, и так как решение общее, оно пойдет на пользу всем"", - заявил представитель министерства.",economy
"Российский газ радует глаз. Что ждет ""Газпром"" в новом году","Минувший год оказался чрезвычайно успешным для ""Газпрома"". За десять месяцев добыча природного газа увеличилась до 451 миллиарда кубометров, а доход от экспорта топлива в дальнее зарубежье, по данным ФТС, достиг 29,8 миллиарда долларов. Какие проекты позволят главному российскому экспортеру приумножить успех в наступившем году",economy
"СМИ: в сенате США подготовили резолюцию против снятия санкций с ""Русала""","Лидер демократов в американском сенате Чак Шумер заявил, что он подготовил резолюцию, направленную против решения Министерства финансов США снять санкции с подконтрольных бизнесмену Олегу Дерипаске компаний En+, ""Русал"" и ""Евросибэнерго"", сообщает издание Daily Beast.
В декабре Минфин США сообщил, что намерен через 30 дней исключить из санкционного списка En+, ""Русал"" и ""Евросибэнерго"", подконтрольные Олегу Дерипаске, поскольку бизнесмен сократит свою долю в них. Сам Дерипаска при этом останется в списке. Его активы, в которых ему принадлежит 50% и более, останутся заблокированными.",economy
Эрдоган планирует посетить Россию в январе,"Президент Турции Тайип Эрдоган намерен в январе нанести визит в Россию, сообщили РИА Новости в пресс-службе Эрдогана.
""Наш президент нанесёт визит в Россию в течение января, точная дата пока не определена"", - сказали агентству в пресс-службе Эрдогана.",world
"Польская полиция задержала хозяина квест-рума, где сгорели пять человек","Польская полиция задержала хозяина квест-рума, где при пожаре погибли пять девушек, заявил главный комендант полиции Польши Ярослав Шимчик на пресс-конференции в Варшаве в воскресенье.
В пятницу пять несовершеннолетних девушек погибли при пожаре в ходе игрового квеста в польском Кошалине, еще один человек тяжело пострадал.
",world
В Сеть случайно попала фотография сборки самой большой ракеты Маска,"На снимок попала разобранная сверхтяжелая ракета SpaceX Starship, строящаяся здесь.
Позже глава компании Илон Маск подтвердил, что на фото запечатлен процесс сборки самой тяжелой ракеты компании.
Предприниматель также опубликовал изображение, как будет выглядеть ракета в собранном виде.",world
"В ЛНР из-за снегопада более 2,4 тысячи квартир и домов остаются без света","Более 2,4 тысячи абонентов остались без электроснабжения в самопровозглашенной Луганской народной республике из-за аварий вследствие снегопада, заявили в субботу РИА Новости в министерстве чрезвычайных ситуаций ЛНР.
""В системе ЖКХ республики действуют 4 аварийных ситуации"", - рассказали в ведомстве.",world
"Порошенко пообещал, что на Украине будут уважать свободу вероисповедания","Президент Украины Петр Порошенко после получения томоса об автокефалии ""новой церкви"" заявил, что в стране будут уважать свободу вероисповедания.
Ранее украинские власти, в том числе президент, заявляли, что не намерены вмешиваться в дела церкви, но делают это постоянно. Так, несмотря на обещания, Порошенко добился от Константинополя признания неканонической церкви на Украине, которое в РПЦ назвали раскольническим. Рада Украины приняла закон о передаче Андреевской церкви Константинопольскому патриархату.",world
В МИД Канады заявили о задержании в Сирии канадского гражданина,"Министерство иностранных дел Канады заявило, что в ведомстве осведомлены о задержании в Сирии канадского гражданина, однако страна обладает ""крайне ограниченной"" возможностью помочь задержанному канадцу, передает телеканал CTV News.
По информации телеканала, Кристиан Ли Бакстер, проживающий в Британской Колумбии (провинция на западе Канады), поехал в Сирию в ноябре. Как рассказала мать 44-летнего канадца, Бакстер перестал выходить на связь после того, как в последний раз отправил сообщение 1 декабря. Указывается, что причиной задержания Бакстера стал металлический детектор, который он перевозил в чемодане.",world
"Сенаторы признали Украину ""неуправляемой проблемой"" для США","Сенаторы-республиканцы выразили представителям украинских общественных организаций недовольство политикой Киева, сообщает International Policy Digest.
По данным издания, на встрече в США американские политики раскритиковали украинские власти за рост радикализма и наступление на свободу слова.
Кроме того, сенаторы указали собеседникам на ""непродуктивную экономическую политику"" Украины. В частности, речь идет о нерациональном расходовании средств, выделяемых Киеву международными финансовыми институтами. По мнению американских политиков, из-за запредельной коррупции и ""непродуктивных расходов"" на конфликт в Донбассе кредиты растрачиваются впустую. Это сказывается на ВВП, снижение которого, в частности, приводит к утечке рабочей силы из страны.",world
В перевернувшемся в Таиланде автобусе с туристами не было россиян,"Россияне не пострадали в результате ДТП с автобусом в центральной части Таиланда, сообщило посольство РФ в Бангкоке.
Ранее сообщалось, что шесть человек погибли и около 50 пострадали в результате ДТП с двухэтажным туристическим автобусом в районе Кхлонг Луанг. По данным СМИ, авария произошла во время дождя. Водитель резко затормозил, чтобы избежать столкновения с автомобилем, ехавшим перед ним, в результате чего автобус перевернулся.",world
"В УПЦ заявили об отсутствии площадки для диалога с ""новой церковью"" Украины","Площадка для диалога между канонической Украинской православной церковью и ""новой церковью"" пока отсутствует, заявил в воскресенье РИА Новости архиепископ УПЦ Климент (Вечеря).
""У нас есть Всеукраинский совет церквей – площадка для диалога. Поскольку киевский патриархат (непризнанная структура - ред.) и УАПЦ (непризнанная Украинская автокефальная православная церковь – ред.) сейчас расформировались, непонятно в каком формате будет дальше действовать эта организация. Именно Всеукраинский совет церквей давал возможность общего диалога между религиозными конфессиями Украины для решения насущных государственно-церковных вопросов. Теперь формат диалога неясен"", - заявил Климент.",world
Суд отклонил иск на решение ЦИК Украины о закрытии участков в России,"Шестой апелляционный административный суд не удовлетворил иск партии ""Оппозиционный блок"" по решению Центральной избирательной комиссии Украины о закрытии избирательных участков в РФ, сообщил депутат Верховной рады от партии Вадим Новинский.
В понедельник ЦИК Украины закрыл все пять заграничных избирательных участков, которые были созданы на постоянной основе в России. Депутат Рады от партии ""Оппозиционный блок"" Александр Вилкул заявил, что оппозиция обжаловала в суде решение ЦИК Украины о закрытии избирательных участков в РФ.",world
Эксперт объяснил отмену визита Рогозина в США,"Визиту главы Роскосмоса Дмитрия Рогозина в США помешало антироссийское лобби, сформировавшееся в Америке, и этот шаг требует от России пересмотра национальной космической стратегии, считает президент института национальной стратегии Михаил Ремизов.
Ранее администратор НАСА Джим Брайденстайн сообщил в интервью газете Washington Post, что отменил приглашение Рогозина в США, уступив интересам американских сенаторов, выступавших против этого визита. В Роскосмосе заявили, что официального отзыва приглашения от НАСА не получали.",science
Источник рассказал о возможных последствиях отмены визита Рогозина в США,"Роскосмос"" может выйти из переговоров с НАСА об участии в проекте окололунной станции Gateway из-за отмены визита Дмитрия Рогозина в США, сообщил РИА Новости источник в ракетно-космической отрасли.
""Эта ситуация может негативно сказаться на переговорах об участии в создании окололунной станции и в проведении совместных научных исследований на борту Международной космической станции, вплоть до отмены уже достигнутых договоренностей"", — сказал собеседник агентства.",science
Гулливер Вселенной: ученые рассказали о крупнейшем виртуальном телескопе,"Во второй половине следующего десятилетия за орбиту Луны отправят научную космическую обсерваторию ""Миллиметрон"" (""Спектр-М""). В режиме связи с Землей она будет работать как крупнейший виртуальный радиотелескоп, способный исследовать структуру ядер галактик, черных дыр, пульсаров, изучать реликтовое излучение, искать самые ранние следы формирования Вселенной, белые дыры и кротовые норы.Рай для радиоастрономов — это обратная сторона Луны"", — шутят ученые. Вселенную исследуют с помощью невидимых электромагнитных волн длиной от одной десятой миллиметра, излучаемых большинством космических объектов, в том числе межзвездной средой, черными дырами, пульсарами, квазарами.
Атмосфера Земли поглощает и рассеивает многие радиоволны, оставляя лишь окна для наблюдений. Чтобы уловить больше излучения, обсерватории строят высоко в горах или запускают их на орбиту.
Если два радиотелескопа, расположенных на большом расстоянии друг от друга, направить одновременно на один радиоисточник, к примеру галактику, то благодаря интерференции принимаемый сигнал многократно усилится. Это позволяет в деталях изучить структуру космического объекта.",science
Илон Маск назвал дату запуска Dragon-2 к МКС,"Ранее другой источник РИА Новости в российской ракетно-космической отрасли сообщил, что временная приостановка работы государственных учреждений в США, к числу которых относится НАСА, ведет к отсрочке первого испытательного полета к МКС нового американского космического корабля Dragon-2 компании SpaceX.",science
"NASA вступилось за ""нацистское"" название астероида","В NASA отказались сменить временное название астероида Ultima Thule, в котором ряд американских и британских СМИ увидели отсылки к нацизму.
Американский зонд New Horizons 1 января приблизился и сделал фото астероида 2014 MU69 Ultima Thule, находящегося на окраине Солнечной системы. Небесное тело из пояса Койпера стало самым дальним от Земли объектом, которого когда-либо достигал человек.",science
"Детский стресс передается матерью ее потомству, выяснили ученые","Относительно недавно ученые выяснили, что мелкие вариации и мутации в ДНК родителей обоих полов не способны объяснить весь тот набор черт, которые ребенок наследует от матери и отца. Это говорит о существенной роли внегенетического наследования в жизни и эволюции человека.
В частности, информация может содержаться в устройстве белков-гистонов, которые удерживают свернутую ДНК на месте и влияют на ""считываемость"" отдельных генов. Существует множество свидетельств того, что эта ""обертка"" ДНК участвует в передаче информации между поколениями, позволяя животным и растениям быстрее приспосабливаться к новым условиям среды.",science
Роскосмос ждет разъяснений НАСА по организации визита делегации в США,"Госкорпорация ""Роскосмос"" ждет официальных разъяснений позиции NASA по организации визита российской делегации в США, подготовка к запланированным переговорам по программе МКС и дальнему космос не приостанавливается, сообщается на сайте ведомства.
Ранее сообщалось, что НАСА проинформировало Роскосмос о переносе на неопределенный срок запланированного на февраль визита главы Роскосмоса Дмитрия Рогозина в США. Источник в ракетно-космической отрасли сообщил РИА Новости, что поездка главы Рогозина в США может быть полностью отменена, а не отложена, из-за позиции определенных политических кругов.",science
"Не парьтесь! Ученые выяснили, кому вредна сауна","В 1978 году американские ученые обследовали 63-х женщин, родивших детей с тяжелыми патологиями нервной системы. В ходе опроса выяснилось, что две из них регулярно посещали сауну в первые месяцы беременности. Медики предположили, что жара и влажность в бане негативно сказались на развитии плода. Опыты на животных вроде бы подтвердили эти догадки: резкое повышение температуры тела (гипертермия) у беременных крыс приводило к деформации эмбрионов.
Однако финские физиологи с этим не согласились и указали на статистику, по которой 99 процентов беременных финок еженедельно посещают сауну, а показатели неврологических патологий у новорожденных в стране самые низкие в мире.
Кроме того, финны организовали исследование, в котором приняли участие около 60 женщин, причем две трети из них были беременными. Участниц эксперимента помещали в условия, характерные для сауны. Кожа испытуемых действительно нагревалась — в среднем на пять градусов Цельсия. А вот ректальная температура тела повышалась всего на 0,3-0,5 градуса и даже после длительного пребывания в бане не достигала 38,9 градуса, при которой у плода формируются патологии, несовместимые с жизнью. Не обнаружив никаких изменений в кровотоке и сердцебиении женщин и эмбрионов, ученые заключили, что сауна никак не вредит беременности.",science
Ученые нашли способ остановить развитие рака кожи,"По словам ученых, за эту функцию отвечает группа стволовых клеток.
""Если вы избавитесь от этих стволовых клеток, то кровеносные сосуды не будут образовываться, а опухоли не будут расти или распространяться в другие места"", — заявил профессор Киараш Хосротеграни.
При этом, как отмечают исследователи, именно способность меланомы распространяться от кожи к другим частям тела была основной причиной угрозы жизни людей.Мы знаем, что до того, как опухоли распространились в такие места, как лимфатические узлы или легкие, организм начинает выращивать дополнительные кровеносные сосуды в этих областях — словно готовит специальные ""ниши"" для рака"", — цитирует пресс-служба доктора Джатина Патела.
Сообщается, что следующее исследование ученых будет посвящено блокировке этих ""ниш"".",science
"Китайский луноход на обратной стороне Луны ""заснет"" до 10 января","Китайский луноход ""Нефритовый заяц-2"", совершивший в составе миссии ""Чанъэ-4"" первую в истории мягкую посадку на обратной стороне Луны, перейдет в режим ""сна"" до 10 января, говорится в сообщении Китайского национального космического управления (CNSA).
""Чанъэ-4"" является посадочным аппаратом, который состоит из стационарной лунной станции и лунохода, он был успешно запущен 7 декабря с космодрома Сичан в юго-западной провинции Сычуань.
",science
"Музеи Московского Кремля в июле откроют выставку работ своих реставраторов
","Работы реставраторов музеев Московского Кремля покажут посетителям на выставке, которая откроется в июле, сообщается на сайте музейного комплекса.
""Выставка посвящена работам реставраторов музея за последние пять лет. В Музеях Кремля представлены уникальные исторические и культурные памятники. Их сохранение и экспонирование немыслимы без постоянной кропотливой работы реставраторов, являющейся неотъемлемой частью жизни современного музея"", - говорится в сообщении.",culture
"Семь лучших российских сериалов, которые стоит посмотреть в праздники
","Сериал разделили на две части: первая, показанная в ноябре, посвящена царю Борису, вторая, повествующая о судьбе его дочери Ксении, выйдет в наступившем году. Главную роль сыграл Сергей Безруков, его партнерами по съемочной площадке выступили Светлана Ходченкова, Анна Михалкова, Сергей Маковецкий, Виктор Сухоруков.",culture
Кинокритики назвали лучший фильм 2018 года,"Национальное общество кинокритиков США (NSFC) опубликовало рейтинг лучших фильмов 2018 года, сообщает The Hollywood Reporter.
Так, лучшим фильмом по версии организации стал ""Наездник"" китайского режиссера Хлои Чжао. Эта картина рассказывает о талантливом дрессировщике лошадей, который вынужден оставить свою карьеру из-за тяжелой травмы головы.",culture
Названа причина смерти Криса Кельми,"Крис Кельми умер от цирроза печени, сообщает РЕН ТВ, ссылаясь на результаты вскрытия. По информации ""Пятого канала"", причиной смерти стало ""хроническое заболевание"".
При этом ранее ""Пятый канал"" предварительно сообщал, что артист скончался от остановки сердца.",culture
Мединский назвал Бортника артистом щедрого и самобытного дарования,"Актер Иван Бортник был артистом самобытного дарования, зрители ценили его за мастерство и обаяние, считает министр культуры РФ Владимир Мединский.
Народный артист России Иван Бортник скончался на 80-м году жизни. Бортник с 1967 года работал в московском театре на Таганке, он также много снимался в кино.",culture
Умер австралийский актер Дариус Перкинс,"Наибольшую известность Перкинсу принесла роль Скотта Робинсона в ""мыльной опере"" ""Соседи"", занимающей восьмое место в десятке самых длинных сериалов за всю историю телевидения.
Актер также играл в сериалах ""Домой и в путь"", ""Летающие доктора"" и ""Примитивная страна"".",culture
Актера Владимира Дыховичного похоронят в США," Актера Владимира Дыховичного, ушедшего из жизни в 30 лет 2 января, похоронят в США, рассказала РИА Новости его мать Ольга Алексеевна.
Отпевание актера прошло в храме Софии в Средних Садовниках в субботу.",culture
"Свыше 20 стран подали заявки на участие в фестивале ""Спасская башня""","Более 20 стран подали заявки на участие в 12 Международном военно-музыкальном фестивале ""Спасская башня"", который пройдет в Москве с 23 августа по 1 сентября, сообщает ДИМК Минобороны РФ.
""В дирекцию фестиваля уже поступили предварительные заявки от военно-музыкальных и творческих коллективов из более чем 20 стран мира, включая страны Европы"", - говорится в сообщении.
""Предварительных заявок от иностранных коллег в дирекцию, как всегда, поступило почти вдвое больше, чем мы можем принять коллективов. Традиционно в каждом фестивале представлены максимум 12 стран, помимо России"", - приводятся слова руководителя фестиваля Тимофея Маякина.
Он отметил, что именно благодаря подобным форумам музыканты, представляющие армии разных стран, могут обмениваться опытом и знакомиться с культурными и военными традициями.",culture
Умерла жена Марлена Хуциева," столичной больнице скончалась супруга известного режиссера Марлена Хуциева Ирина Соловьева, сообщили РИА Новости в Союзе кинематографистов.
Режиссера и его жену госпитализировали в канун Нового года. Сообщалось, что речь идет о профилактическом обследовании.
Как чувствует себя Хуциев, пока неизвестно.
Марлен Хуциев — народный артист СССР, президент Гильдии кинорежиссеров России, автор фильмов, которые вошли в ""золотой фонд"" отечественного кинематографа — ""Застава Ильича"", ""Июльский дождь"", ""Два Федора"", ""Весна на Заречной улице"" и многие другие.",culture
Армянская церковь празднует в воскресенье Рождество и Богоявление,"Армянская апостольская церковь (ААЦ) отмечает в воскресенье праздник Богоявления и Рождества.
Двойное откровение Богоявления через Рождество и Крещение Христа ААЦ празднует воедино в память о событиях Рождения и Крещения Иисуса Христа, пишет официальный сайт Араратской патриаршей епархии.",religion
"Сочельник – канун Рождества Христова в Православной церкви
","6 января (24 декабря по старому стилю) – день Навечерия Рождества Христова или Рождественский сочельник, – последний день 40-дневного Рождественского поста в канун праздника Рождества Христова.
Само название ""сочельник"" происходит, как полагают, от слова ""сочиво"" (то же, что коливо – вареные зерна риса или пшеницы). Вкушать сочиво или коливо было положено в канун праздника только после литургии (богослужения). У православных христиан существовал обычай не вкушать пищу до появления первой вечерней звезды, напоминающей о явлении звезды на Востоке, возвестившей о рождении Иисуса Христа, но богослужебным уставом эта традиция не предписана.
Канон празднования Рождества был окончательно сформирован в IV веке. В современной богослужебной практике в Навечерие праздника в храме читаются Царские часы, вспоминаются ветхозаветные пророчества и события, имеющие отношение к рождению Иисуса Христа.",religion
"Ющенко рассказал, что помешало Киеву получить томос в 2008 году"," Бывший президент Украины Виктор Ющенко рассказал, как пытался достичь создания поместной православной церкви в Украине.
По словам экс-президента, Украина подготовила документы для получения томоса от Константинополя еще в 2008 году, однако там попросили поставить этот вопрос ""на паузу""",religion
Томос автокефалии подписали под украинские песни и бандеровские лозунги,"Константинопольский патриарх Варфоломей в субботу подписал томос, сделав предпоследний шаг к предоставлению автокефалии новой церковной структуре, созданной на Украине при его поддержке и по инициативе политического руководства страны.
Подписание томоса архиепископ УПЦ Климент Вечеря назвал нарушением всех святоотеческих и апостольских правил, отметив, что ""Церкви не создают патриархи и президенты"". Он считает, что Константинопольский патриарх Варфоломей после службы с представителями ""новой церкви"" Украины сам стал церковным раскольником. Глава пресс-службы УПЦ Василий Анисимов полагает, что такая автокефалия неканонична и не принесет Украине ничего, кроме беды и разделения.",religion
"Глава БПЦ назвал предоставление томоса ""новой церкви"" Украины авантюрой","Митрополит Минский и Заславский, патриарший экзарх всея Белоруссии Павел заявил, что действия Константинопольского патриарха Варфоломея по предоставлению автокефалии созданной на Украине так называемой новой церковной структуре являются ""политической авантюрой"", которая приведет к новому глобальному расколу в православном мире.
В субботу Константинопольский патриарх Варфоломей подписал томос автокефалии ""новой церкви"" Украины. Власти страны рассчитывают, что церемония вручения томоса состоится 6 января, на праздник Богоявления.",religion
"Двое в снегу, не считая собаки: Новый год в монастыре на границе с Украиной"," Каждый раз под Новый год православные в интернете бурно обсуждают, отмечать ""советский"" праздник или потерпеть до Рождества. Одна из самых популярных тем — что можно и чего нельзя пить и есть за новогодним столом. Как встречают новолетие в самом маленьком российском монастыре в двадцати километрах от украинской границы",religion
"""Ходил полуголым по улицам"". Какие святые шокировали Россию","Юродство ради Христа — один из самых редких и тяжелых христианских подвигов, для многих шокирующий. Русская православная церковь 3 января чтит память одного из таких святых — блаженного Прокопия Вятского. О том, чем запомнились юродивые на Руси, — в материале РИА Новости.
""Блаженство"" вместо женитьбы
О жизни блаженного Прокопия известно очень немного. Родился, предположительно, в 1578 году в небольшом селении под Вяткой, в крестьянской семье. В 12 лет в мальчика ударила молния, он тяжело заболел, но, когда его принесли в монастырь, по молитвам настоятеля выздоровел.
Житие Прокопия повествует: в 20 лет, чтобы избежать женитьбы, он убежал от родителей и стал притворяться безумным. Ходил полуголый по улицам, ночевал где попало и никогда не искал себе приюта. Все время молчал, объяснялся жестами. И только наедине с духовником разговаривал как обычный человек.",religion
Зоино стояние: чудо святого или бабкина сказка?,"Более полувека назад в Самаре (тогда Куйбышеве) на Новый год произошла история, в которую до сих пор одни верят, а другие — нет.
Практически под бой курантов там ""окаменела"" девушка, дерзнувшая танцевать с иконой Николы Угодника. Говорили, что она простояла так шесть дней, но народная молва воскресила девушку к Пасхе. Было нечто подобное на самом деле или это все ""поповские россказни""",religion
Самый древний Новый год: необычные традиции последних язычников Европы," России проживает народ, который, пожалуй, самым необычным образом отмечает Новый год, или Шорыкйол, как его называют марийцы, последние язычники Европы. О праздничных традициях возрастом несколько тысяч лет Вместо гирлянд — цветные ленты. Вместо оливье — ритуальный суп с коноплей. А вместо украшения елки — проверка удочек. Алексей Абрамов специально приехал из Йошкар-Олы в марийское село Шоруньжа, чтобы помочь родителям подготовиться к празднику Шорыкйол.",religion
Тайны календарей: когда праздновать Рождество,"У времени есть разные аспекты — исторический, астрономический, богословский. Последний особенно актуален в дни празднования Рождества Христова 25 декабря и 7 января. Отличаются ли григорианский, юлианский и новоюлианский календари чем-нибудь, кроме разницы в 13 дней, необходима ли связь календаря с движением небесных светил и что говорят об этом древние христиане и современные богословы",religion